Clau/var,Iterações,Achado
2.75,24,False
2.6666666666666665,2,True
2.6666666666666665,66,False
3.2,36,False
3.1666666666666665,66,False
3.3333333333333335,10,False
3.6,36,False
3.6666666666666665,10,False
3.75,24,False
4.2,36,False
4.333333333333333,10,False
4.25,24,False
4.666666666666667,10,False
4.75,24,False
