Clau/var,Iterações,Achado
0.4166666666666667,1150,False
0.75,3,True
1.1428571428571428,104,False
1.8333333333333333,66,False
2.4,4,True
2.75,24,False
3.25,24,False
3.6666666666666665,10,False
4.333333333333333,10,False
4.666666666666667,10,False
