Clau/var,Cla,Var
0.46153846153846156,6,13
0.35714285714285715,5,14
0.36363636363636365,4,11
0.75,6,8
0.625,5,8
0.5714285714285714,4,7
1.1666666666666667,7,6
1.2,12,10
1.3333333333333333,4,3
1.5555555555555556,14,9
1.8571428571428572,13,7
1.75,7,4
2.3333333333333335,7,3
2.1666666666666665,13,6
2.2,11,5
2.6666666666666665,8,3
2.75,11,4
2.8,14,5
3.25,13,4
3.4,17,5
3.3333333333333335,10,3
3.6666666666666665,11,3
3.6,18,5
3.75,15,4
4.25,17,4
4.333333333333333,13,3
4.666666666666667,14,3
4.75,19,4
