Clau/var,Cla,Var
0.4375,7,16
0.47058823529411764,8,17
0.4,8,20
0.8,12,15
0.5833333333333334,7,12
0.75,6,8
1.1538461538461537,15,13
1.1666666666666667,14,12
1.3333333333333333,4,3
1.8,18,10
1.6,8,5
1.5454545454545454,17,11
2.142857142857143,15,7
2.2857142857142856,16,7
2.2,11,5
2.6,13,5
2.8333333333333335,17,6
2.8,14,5
3.2,16,5
3.1666666666666665,19,6
3.25,13,4
3.6666666666666665,22,6
3.6,18,5
3.75,15,4
4.4,22,5
4.333333333333333,13,3
4.2,21,5
4.75,19,4
4.6,23,5
4.666666666666667,14,3
